adren67 = adren67 <adren67@users.sourceforge.net> 
afahlvik = afahlvik <afahlvik@users.sourceforge.net> 
akshi = akshi <akshi@users.sourceforge.net> 
alain_desilets = alain_desilets <alain_desilets@users.sourceforge.net> 
alenaernst = alenaernst <alenaernst@users.sourceforge.net> 
alexandrequessy = alexandrequessy <alexandrequessy@users.sourceforge.net> 
amette = amette <amette@users.sourceforge.net> 
anbumania = anbumania <anbumania@users.sourceforge.net> 
andrew-cl = andrew-cl <andrew-cl@users.sourceforge.net> 
aneuhaus = aneuhaus <aneuhaus@users.sourceforge.net> 
ang23 = ang23 <ang23@users.sourceforge.net> 
anope = anope <anope@users.sourceforge.net> 
aproulx = aproulx <aproulx@users.sourceforge.net> 
arildb = arildb <arildb@users.sourceforge.net> 
arion92fr = arion92fr <arion92fr@users.sourceforge.net> 
atooni = atooni <atooni@users.sourceforge.net> 
aurel42 = aurel42 <aurel42@users.sourceforge.net> 
awcolley = awcolley <awcolley@users.sourceforge.net> 
awolfff = awolfff <awolfff@users.sourceforge.net> 
axold = axold <axold@users.sourceforge.net> 
axonrg = axonrg <axonrg@users.sourceforge.net> 
bajur = bajur <bajur@users.sourceforge.net> 
bburgaud = bburgaud <bburgaud@users.sourceforge.net> 
bergmann = bergmann <bergmann@users.sourceforge.net> 
berryweb = berryweb <berryweb@users.sourceforge.net> 
beuc = beuc <beuc@users.sourceforge.net> 
Beuc = Beuc <Beuc@users.sourceforge.net> 
billsos = billsos <billsos@users.sourceforge.net> 
bitey = bitey <bitey@users.sourceforge.net> 
bligneri = bligneri <bligneri@users.sourceforge.net> 
bluestrain = bluestrain <bluestrain@users.sourceforge.net> 
brab = brab <brab@users.sourceforge.net> 
brian_moore = brian_moore <brian_moore@users.sourceforge.net> 
broubrou = broubrou <broubrou@users.sourceforge.net> 
btodoroff = btodoroff <btodoroff@users.sourceforge.net> 
bubi = bubi <bubi@users.sourceforge.net> 
caevermann = caevermann <caevermann@users.sourceforge.net> 
campbe13 = campbe13 <campbe13@users.sourceforge.net> 
caustin_ats = caustin_ats <caustin_ats@users.sourceforge.net> 
ccardinal = ccardinal <ccardinal@users.sourceforge.net> 
cdrwhite = cdrwhite <cdrwhite@users.sourceforge.net> 
cdx = cdx <cdx@users.sourceforge.net> 
changi67 = changi67 <changi67@users.sourceforge.net> 
chealer = chealer <chealer@users.sourceforge.net> 
chibaguy = chibaguy <chibaguy@users.sourceforge.net> 
chriscramer = chriscramer <chriscramer@users.sourceforge.net> 
chris_holman = chris_holman <chris_holman@users.sourceforge.net> 
ch-w = ch-w <ch-w@users.sourceforge.net> 
citadelrock = citadelrock <citadelrock@users.sourceforge.net> 
coloradoweb = coloradoweb <coloradoweb@users.sourceforge.net> 
conner_bw = conner_bw <conner_bw@users.sourceforge.net> 
connermo = connermo <connermo@users.sourceforge.net> 
cr0vax = cr0vax <cr0vax@users.sourceforge.net> 
c_schmitz = c_schmitz <c_schmitz@users.sourceforge.net> 
cyantree = cyantree <cyantree@users.sourceforge.net> 
cyberdrek = cyberdrek <cyberdrek@users.sourceforge.net> 
d0cster = d0cster <d0cster@users.sourceforge.net> 
dabright = dabright <dabright@users.sourceforge.net> 
daevermann = daevermann <daevermann@users.sourceforge.net> 
damienmckenna = damienmckenna <damienmckenna@users.sourceforge.net> 
damosoft = damosoft <damosoft@users.sourceforge.net> 
darzee = darzee <darzee@users.sourceforge.net> 
dcengija = dcengija <dcengija@users.sourceforge.net> 
dclem = dclem <dclem@users.sourceforge.net> 
deragon = deragon <deragon@users.sourceforge.net> 
dexl_2000 = dexl_2000 <dexl_2000@users.sourceforge.net> 
dgdaniels = dgdaniels <dgdaniels@users.sourceforge.net> 
dheltzel = dheltzel <dheltzel@users.sourceforge.net> 
djnz = djnz <djnz@users.sourceforge.net> 
djpgm = djpgm <djpgm@users.sourceforge.net> 
docekal = docekal <docekal@users.sourceforge.net> 
drieschner = drieschner <drieschner@users.sourceforge.net> 
drsassafras = drsassafras <drsassafras@users.sourceforge.net> 
duebel = duebel <duebel@users.sourceforge.net> 
durkin10 = durkin10 <durkin10@users.sourceforge.net> 
egma = egma <egma@users.sourceforge.net> 
eliasgonzales = eliasgonzales <eliasgonzales@users.sourceforge.net> 
eoyslebo = eoyslebo <eoyslebo@users.sourceforge.net> 
epolidor = epolidor <epolidor@users.sourceforge.net> 
EricIsGood = EricIsGood <EricIsGood@users.sourceforge.net> 
eromneg = eromneg <eromneg@users.sourceforge.net> 
etuate = etuate <etuate@users.sourceforge.net> 
evanprodromou = evanprodromou <evanprodromou@users.sourceforge.net> 
fantoms = fantoms <fantoms@users.sourceforge.net> 
fareh1abdelhak = fareh1abdelhak <fareh1abdelhak@users.sourceforge.net> 
fhcorrea = fhcorrea <fhcorrea@users.sourceforge.net> 
